 1297,きみにちょっとしたものをもってきたよ。,4724,I brought you a little something.
4702,何かしてみましょう。,1276,Let's try something.
4703,私は眠らなければなりません。,1277,I have to go to sleep.
4703,私は眠らなければなりません。,1009343,I have to sleep.
4704,何してるの？,16492,What are you doing?
4705,今日は６月１８日で、ムーリエルの誕生日です！,1280,Today is June 18th and it is Muiriel's birthday!
4706,お誕生日おめでとうムーリエル！,355041,"Happy birthday, Muiriel!"
4707,ムーリエルは２０歳になりました。,1282,Muiriel is 20 now.
4707,ムーリエルは２０歳になりました。,1415809,Muiriel has turned twenty.
4708,パスワードは「Muiriel」です。,1283,"The password is ""Muiriel""."
4709,すぐに戻ります。,1284,I will be back soon.
4709,すぐに戻ります。,52115,I'll be back soon.
4709,すぐに戻ります。,53489,I'll be right back.
4709,すぐに戻ります。,593653,I'll be back in a jiffy.
4709,すぐに戻ります。,593670,I'll be back right away.
4709,すぐに戻ります。,1009347,I'll return immediately.
4710,知らない。,349064,I don't know.
4711,何と言ったら良いか分かりません。,1286,I'm at a loss for words.
4711,何と言ったら良いか分かりません。,436541,I don't know what to say.
4711,何と言ったら良いか分かりません。,1009345,I don't know what I should say.
4712,きりがない。,1287,This is never going to end.
4713,何と言ったらいいか・・・。,1288,I just don't know what to say.
4713,何と言ったらいいか・・・。,36019,What should I say?
4715,私は山にいました。,1290,I was in the mountains.
4716,それは最近の写真？,1291,Is it a recent picture?
4716,それは最近の写真？,1009353,Is that a recent photo?
4717,時間があるか分かりません。,1292,I don't know if I have the time.
4717,時間があるか分かりません。,1009352,I don't know if there is time.
4718,先程、どういうわけかマイクが入りませんでした。,328546,For some reason the microphone didn't work earlier.
4720,この世界の教育にはがっかりしてしまう。,1294,Education in this world disappoints me.
4726,私は一日に100ユーロ稼ぎます。,1299,I make €100 a day.
4726,私は一日に100ユーロ稼ぎます。,1009351,I make 100 euros per day.
4727,すぐに諦めて昼寝をするかも知れない。,1300,I may give up soon and just nap instead.
4727,すぐに諦めて昼寝をするかも知れない。,915342,I may give up soon and just take a nap.
4728,それはあなたが一人になりたくないからです。,1301,It's because you don't want to be alone.
4728,それはあなたが一人になりたくないからです。,1009350,That's because you don't want to be alone.
4729,そんなことは起きないでしょう。,1302,That won't happen.
4729,そんなことは起きないでしょう。,1009349,That sort of thing won't happen.
4730,彼は時々変です。,1303,Sometimes he can be a strange guy.
4730,彼は時々変です。,1009348,He's strange sometimes.
4731,あなたの勉強を邪魔しないようにします。,1304,I'll do my best not to disturb your studying.
4732,みんなもそうなのかな、と思うことくらいしかできない。,1305,I can only wonder if this is the same for everyone else.
4733,長い目で見れば違ってくると思います。,1306,I suppose it's different when you think about it over the long term.
4734,心配しないで。,20391,Don't worry about it!
4734,心配しないで。,433745,Don't worry about it.
4734,心配しないで。,506446,Don't worry.
4735,会えなくて淋しい。,1308,I miss you.
4736,明日帰ったら電話します。,1309,I'll call them tomorrow when I come back.
4736,明日帰ったら電話します。,895924,I'll call them tomorrow when I return home.
4736,明日帰ったら電話します。,1009357,I'll call after going home tomorrow.
4737,私はいつも不思議な性格の方が好きだった。,1310,I always liked mysterious characters more.
4737,私はいつも不思議な性格の方が好きだった。,1009356,I always liked strange personalities.
4738,眠った方がいいよ。,1311,You should sleep.
4739,行くよ。,1312,I'm going to go.
4739,行くよ。,241077,Let's go!
4740,私は彼らにチケットをもう一枚送ってくれるように頼んだ。,1313,I told them to send me another ticket.
4741,君は僕にとてもいらいらしている。,1314,You're so impatient with me.
4742,私はそんな風には生きられない。,1315,I can't live that kind of life.
4743,私は一時期、天体物理学者になりたかった。,1316,I once wanted to be an astrophysicist.
4744,生物学は好きになれません。,1317,I never liked biology.
4745,僕が最後に自分の考えを伝えた人は、僕を気違いだと思ったようだ。,1318,The last person I told my idea to thought I was nuts.
4746,残念ながらそれは本当なのです。,1320,It is unfortunately true.
4747,大抵の人は僕を気違いだと思っている。,1322,Most people think I'm crazy.
4748,私は違います。あなたです。,1323,No I'm not; you are!
4749,それは私の台詞だよ！,1324,That's MY line!
4749,それは私の台詞だよ！,1188355,That's my line!
4749,それは私の台詞だよ！,2505024,That's my line.
4750,彼は私を蹴っています！,1325,He's kicking me!
4750,彼は私を蹴っています！,1148746,He is kicking me!
4751,本当？,1326,Are you sure?
4751,本当？,373216,Really?
4752,そうしたらひとつ問題があって・・・。,1327,Then there is a problem...
4753,あ！蝶々がいる！,1328,"Oh, there's a butterfly!"
4754,急いで！,1329,Hurry up.
4754,急いで！,786811,Step on it!
4755,驚くことではないね。,1330,It doesn't surprise me.
4757,私はなぜか夜の方が元気だ。,1332,For some reason I feel more alive at night.
4758,それは文脈による。,1333,It depends on the context.
4759,冗談でしょ！？,1334,Are you freaking kidding me?!
4759,冗談でしょ！？,270147,Are you kidding?
4760,こんな馬鹿なことは言ったことが無い。,1335,That's the stupidest thing I've ever said.
4760,こんな馬鹿なことは言ったことが無い。,1587013,I've never said such a stupid thing.
4762,大きくなったら王様になりたい。,1337,"When I grow up, I want to be a king."
4763,お金を稼ぎたいならアメリカが一番だ。,1338,"America is a lovely place to be, if you are here to earn money."
4763,お金を稼ぎたいならアメリカが一番だ。,1586987,"If you want to earn money, America is the best."
4764,僕はすごく太ってる。,1339,I'm so fat.
4764,僕はすごく太ってる。,1023661,I'm very fat.
4764,僕はすごく太ってる。,1023662,I'm extremely fat.
4765,だから何？,1340,So what?
4765,だから何？,786810,What's your point?
4765,だから何？,1473574,"And now, what?"
4766,こらしめてやる。,1341,I'm gonna shoot him.
4767,言ってみただけだよ！,1343,I'm just saying!
4768,それで彼らの気が変わったのかも知れない。,1344,That was probably what influenced their decision.
4769,兄弟がいるとどんなだろうといつも思う。,1345,I've always wondered what it'd be like to have siblings.
4770,私ならそう言っただろうと思う。,1346,This is what I would have said.
4771,いつまでかかっても全部を説明するのは無理だ。,1347,It would take forever for me to explain everything.
4772,あなたが女の子だからよ。,1348,That's because you're a girl.
4773,時々感情が抑えられないことがある。,1349,Sometimes I can't help showing emotions.
4774,これは代わりになるものをみつけたい単語だ。,1350,It's a word I'd like to find a substitute for.
4775,自分勝手にするつもりはない。,1352,I don't intend to be selfish.
4776,最悪の場合を考えておこう。,1353,Let's consider the worst that could happen.
4777,親友は何人いる？,1354,How many close friends do you have?
4778,私は反社会的かもしれないけれど人と話さないわけではない。,1355,"I may be antisocial, but it doesn't mean I don't talk to people."
4779,そういうものなんです。,1356,This is always the way it has been.
4779,そういうものなんです。,502319,That's how it is.
4780,失礼に振舞ったりしないのが一番だと思う。,1357,I think it is best not to be impolite.
4781,時間はいくらでも作れる。,1358,One can always find time.
4782,僕は不幸かも知れないけれど自殺はしない。,1359,"I'd be unhappy, but I wouldn't kill myself."
4782,僕は不幸かも知れないけれど自殺はしない。,1008955,"Although I may be unhappy, I won't commit suicide."
4783,高校生の時は毎朝6時に起きていた。,1360,"Back in high school, I got up at 6 a.m. every morning."
4784,起きた時私は悲しかった。,1361,"When I woke up, I was sad."
4785,あなたは新しいことを勉強したいのだと思った。,1363,I thought you liked to learn new things.
4786,多くの人が日常のことについて文を書く。,1364,Most people write about their daily life.
4787,それをするためには危険を冒さなければならない。,1366,"In order to do that, you have to take risks."
4788,孤独な人は、他人を恐れるから一人なのだ。,1367,Every person who is alone is alone because they are afraid of others.
4789,なんで聞くの？,1368,Why do you ask?
4790,私は芸術家ではない。全然向いていない。,1369,I am not an artist. I never had the knack for it.
4791,もう彼女には言えないよ。そんなに単純なことではなくなってきたからね。,1370,I can't tell her now. It's not that simple anymore.
4793,欲しいものがみつかると、決まって高いものだ。,1372,"Whenever I find something I like, it's too expensive."
4794,どのくらいいたの？,1373,How long did you stay?
4795,たぶん彼にしてみれば同じことよ。,1374,Maybe it will be exactly the same for him.
4796,潔白であることは美しいことだ。,1375,Innocence is a beautiful thing.
4797,人間は決して永遠には生きられないものだ。,1376,Humans were never meant to live forever.
4798,行き過ぎたものであっても、僕は自分の考えをなくしたくない。,1377,"I don't want to lose my ideas, even though some of them are a bit extreme."
4799,それは面白い。,1379,That is intriguing.
4799,それは面白い。,1897793,That's interesting.
4800,自分のかっこ良さをわざと隠すということ？,1380,You are saying you intentionally hide your good looks?
4800,自分のかっこ良さをわざと隠すということ？,1467398,Are you saying you intentionally hide your good looks?
4801,もし誰かにこの話の要点は何かって尋ねられても、私はさっぱりわからないわ。,1382,"If anyone was to ask what the point of the story is, I really don't know."
4802,それがどこから来たのか分からなかった。,1383,I didn't know where it came from.
4803,僕が君と一緒に住んだことは君の人生観に影響を与えたと思う。,1384,I think my living with you has influenced your way of living.
4804,これは重要ではない。,1385,This is not important.
4805,好きにはなれなかった。,1386,I didn't like it.
4806,彼女は、どうしてそんなことが可能なのかと尋ねている。,1387,She's asking how that's possible.
4807,君はただ人生の問題から逃げているだけだよ。,1388,You're just running away from life's problems.
4808,歌詞を見てみれば、あまり意味が無いことに気付くでしょう。,1389,"If you look at the lyrics, they don't really mean much."
4809,君の気付いていない問題がある。,1390,There's a problem there that you don't see.
4810,できるよ！,1391,You can do it.
4811,私の物理の先生は授業をサボっても気にしない。,1392,My physics teacher doesn't care if I skip classes.
4812,日本へ行けたらいいのに。,1393,I wish I could go to Japan.
4813,人ごみは大嫌い。,1394,I hate it when there are a lot of people.
4814,私は寝なければなりません。,1395,I have to go to bed.
4815,その後私はそこを出るんだけど、鞄を忘れてきたことに気付くんだ。,1396,"After that, I left, but then I realized that I forgot my backpack at their house."
4816,今日はもう聞かないよ。,1397,I won't ask you anything else today.
4817,来週には凍るかも知れない。,1398,It may freeze next week.
4818,謝罪はあったにせよ、私はまだ彼に腹を立てている。,1399,"Even though he apologized, I'm still furious."
4819,警察はあなたに弾丸をみつけさせるでしょう。,1400,The police will get you to find the bullets.
4820,なぜみんなが私のことを気違いだと思うのか、遂に説明してくれてありがとう。,1401,Thanks for having explained to me at last why people take me for an idiot.
4820,なぜみんなが私のことを気違いだと思うのか、遂に説明してくれてありがとう。,1277691,Thank you for finally explaining to me why people take me for an idiot.
4821,そんなつもりではなかったんだ。,1402,That wasn't my intention.
4822,説明してくれてありがとう。,1403,Thanks for your explanation.
4823,理論的には、私は数学をしている。,1404,"Theoretically, I'm doing math."
4824,何が起きたの？,375822,What happened?
4825,丸一日オンラインで君を見ないなんてびっくりだよ。,1407,It almost scared me not to see you online for a whole day.
4826,何が言いたいのか分からないなあ。,1408,I don't know what you mean.
4827,私のパソコンは何かの役に立つはずだ。,1409,My computer has got to be useful for something.
4828,自由について私に話したかったの？,1410,You wanted to tell me about freedom?
4829,ああ、凄く変だなあ・・・。,1411,"Uh, now it's really weird..."
4830,恐い話が聞きたいなら、数週間前に私が見た夢のことを話してあげるよ。,473877,"If you want to hear a scary story, I'll tell you about a dream I had a few weeks ago."
4831,学校に全てを求めることはできない。,1413,One can't expect everything from schools.
4832,分からない言葉がたくさんある。,1414,There are many words that I don't understand.
4833,私よりも物知りな数学者が自分のことをはっきりと表現できていないのを見るのは心地の良いものではない。,1415,I don't like it when mathematicians who know much more than I do can't express themselves explicitly.
4835,バカな質問があるんだ。,1417,I need to ask you a silly question.
4835,バカな質問があるんだ。,410531,I have a stupid question.
4836,こんなに明らかなことをわざわざどうやって説明したらいいのか分からない。,1418,"I don't know how to demonstrate it, since it's too obvious!"
4837,ウィキペディアでいつかバイアグラを検索するなんて思ってもみなかったわ。,1419,"I wouldn't have thought I would someday look up ""Viagra"" in Wikipedia."
4838,何か他の言い方はある？,1420,Can it be phrased in another way?
4839,誰にも分からないよ。,1421,No one will know.
4839,誰にも分からないよ。,276369,Who knows?
4840,答えが分かったんだ、でもあまりにすぐに分かったものだから正解であるはずがないんだ。,1422,"I found a solution, but I found it so fast that it can't be the right solution."
4841,面白そう！,1423,It seems interesting to me.
4841,面白そう！,2209788,That looks interesting.
4841,面白そう！,2253735,This looks interesting.
4843,私はロウソクの灯りって好きだな。,1425,I like candlelight.
4844,何て答えたの？,1426,What did you answer?
4844,何て答えたの？,416890,How did you reply?
4845,違うよ、新しい彼じゃない。,1427,"No, he's not my new boyfriend."
4846,痩せる必要がないというのは残念だ。,1428,It's too bad that I don't need to lose weight.
4847,授業が全然無いとでも言うの？！,1429,You never have class or what?!
4848,何が問題なの？,1431,Where is the problem?
4848,何が問題なの？,416891,What is the problem?
4849,待つしかない。,1432,I can only wait.
4849,待つしかない。,2764309,The only thing we can do is wait.
4850,そんなに驚くことじゃないよね？,1433,"It's not much of a surprise, is it?"
4851,愛してる。,1434,I love you.
4852,もう好きじゃない。,1435,I don't like you anymore.
4853,私は好奇心が強いです。,1436,I am curious.
4853,私は好奇心が強いです。,1396179,I'm curious.
4854,おめでとうございます。,1437,Congratulations!
4855,そんなに待ちたくない。,1438,I don't want to wait that long.
4856,家に来ませんか。,1439,Why don't you come visit us?
4857,でも可能性は低そうだね。,1440,But the possibility seems unlikely.
4858,ログアウトするんじゃなかったよ。,1442,I shouldn't have logged off.
4860,もう何をしたらいいか分からない。,1443,I don't know what to do anymore.
4861,いつかフランスに行くことは避けられない、それがいつかは分からないけれど。,1444,"It is inevitable that I go to France someday, I just don't know when."
4862,化学が嫌いだ。,1445,I hate chemistry.
4863,こんなことにはなって欲しくなかった。,1446,I didn't want this to happen.
4864,君には何が起こるか分かるんじゃないかと思うけどね。,1447,You can probably guess what happens though.
4865,君が次に分かることは君が新聞に載るってことだ。,1448,"Next thing you know, you'll be in the papers."
4866,他にどんな選択肢があるの？,1449,What other options do I have?
4866,他にどんな選択肢があるの？,416892,What other options are there?
4867,僕はそんなに旅行好きではない。,1450,I am not much of a traveller.
4867,僕はそんなに旅行好きではない。,1412446,I don't like traveling all that much.
4868,それをするより他はない。,1451,I have nothing better to do.
4869,説明もできないよ。,1452,I can't explain it either.
4870,誰にでも長所と短所がある。,1453,Everyone has strengths and weaknesses.
4870,誰にでも長所と短所がある。,276471,Everyone has both strong and weak points.
4871,でもほんとに、エピソード21には涙が出るほど笑ったよ。,1454,"Seriously though, episode 21 made me almost cry while laughing."
4871,でもほんとに、エピソード21には涙が出るほど笑ったよ。,2735714,"Seriously though, episode 21 made me laugh so hard I almost cried."
4872,君がロボットではないってことは分かる。,1455,It only shows you're not a robot.
4873,ロボットなんかに私がなるわけないでしょう？ロボットは夢を見ないんだから。,1456,How could I be a robot? Robots don't dream.
4875,それは誰にでもできるというものではない。,1458,It's not something anyone can do.
4876,まだ持ってるか分からないなあ。,1459,I don't know if I still have it.
4877,何をしてたと思う？,1460,What do you think I've been doing?
4878,私の力を甘く見ないで。,1461,Don't underestimate my power.
4879,私の母はあまり英語が上手に話せない。,1462,My mom doesn't speak English very well.
4880,私はフランス語がそんなにきちんとは話せない。,1463,I don't speak French well enough!
4881,今日君は来るのかなと思っていたところだよ。,1464,I was wondering if you were going to show up today.
4882,そこに問題がある。,1465,Therein lies the problem.
4882,そこに問題がある。,1212557,That's where the problem is.
4883,宇宙でどうやって食べ物をみつけるの？,1466,How do you find food in outer space?
4884,お互いを信頼し合うしかない。,1467,All you can do is trust one another.
4885,みんなあなたに会いたがってる。あなたは有名なのよ！,1468,Everyone wants to meet you. You're famous!
4886,してもいないことをどうして謝るの？,1469,Why are you sorry for something you haven't done?
4886,してもいないことをどうして謝るの？,416893,Why say sorry for something you haven't even done?
4887,堅い書き物は大嫌いだ。,1470,I utterly despise formal writing!
4888,外国人って面白いなあ。,1471,Foreign people intrigue me.
4888,外国人って面白いなあ。,351723,Foreign people are amusing.
4888,外国人って面白いなあ。,1422481,"Foreigners are interesting, aren't they?"
4889,私が何をしようと彼女はもっとうまくできると言うんだ。,1472,"Whatever I do, she says I can do better."
4889,私が何をしようと彼女はもっとうまくできると言うんだ。,1422476,"No matter what I do, she says I can do better."
4890,何でこんなに遅くまで起きてるの？,1473,What keeps you up so late?
4891,一週間でどれほどのことが学べるか、自分でもびっくりするはずだよ！,1474,You'd be surprised what you can learn in a week.
4892,一緒に旅行してくれる人がいないんだ。,1475,I don't have anyone who'd travel with me.
4893,忍耐が耐えられないこともある。,1478,Bearing can be unbearable.
4894,真実のみが美しい。,1480,Nothing is beautiful but the truth.
4895,明日、彼は月に着陸する。,1481,"Tomorrow, he will land on the moon."
4896,私は日本語が話せない。,1482,I don't speak Japanese.
4896,私は日本語が話せない。,1069888,I can't speak Japanese.
4897,これは駄洒落です。,1483,This is a pun.
4898,誰も私のことを分かってくれない。,1484,Nobody understands me.
4899,僕は彼女無しに生きる術を学んだ。,1485,I learned to live without her.
4900,これ以上考えても無駄だ。,1486,It's useless to keep on thinking any more.
4901,最近考えることが多過ぎる。,1487,I have too many things on my mind these days.
4902,メールをチェックしたかっただけ。,1488,I just wanted to check my email.
4903,その答えを知るのにあなたは本当にその質問をする必要があるのかしら。,1489,Do you really need to ask the question to know the answer?
4904,私達がしなければならないことそれぞれの背後には自分たちがしたい何かがあると思うんだ。,1491,"I suppose that behind each thing we have to do, there's something we want to do..."
4905,何でうまくいかないか君に説明するにはずいぶん時間がかかりそうだ。,1496,It would take me too much time to explain to you why it's not going to work.
4906,うまく言えないんだけど・・・自分も理解していないことを君に説明しようとしてるんだ。,1497,I'm so dumb... I'm trying to explain things to you that I don't understand myself.
4907,私のことを凡人だと思うのはやめて！,1498,"Stop seeing me as a ""normal"" person!"
4907,私のことを凡人だと思うのはやめて！,393061,Stop thinking of me as just an average person.
4910,有り得ない！,1501,It can't be!
4911,もっと成績を気にかけられればいいのだけれど、でも自分の人生のある点において成績はそんなに重要ではないと分かったんだ。,1502,"I wish I could care more about my grades but it seems that, at a certain point of my life, I decided they wouldn't be so important anymore."
4912,「転がる石は苔をもつけず」はことわざである。,1503,"A rolling stone gathers no moss"" is a proverb.
4913	何かお飲みになりますか？	1504	Would you like something to drink?
4913	何かお飲みになりますか？	25196	Would you like to drink anything?
4914	「どなたですか」「お母さんよ」	1505	""Who is it?"" ""It's your mother."
4915,「いつ戻りますか」「天候次第です」,1506,"When will you be back?"" ""It all depends on the weather."
4916,「どうかしたの？」と小さな白いウサギが聞きました。,1507,"What's the matter?"" asked the little white rabbit.
4917	「洞穴の中で何が起こっているんだろう？すごく知りたいなあ」「見当もつかないよ」	1508	""What's going on in the cave? I'm curious."" ""I have no idea."
4920,私たちは兄弟として共に生きることを知らなければならない。さもなくば、愚か者として共に滅びるであろう。,1509,"We must learn to live together as brothers, or we will perish together as fools."
4922,「実を言うと、俺、高所恐怖症なんだ」「臆病者っ！」,1511,"To tell you the truth, I am scared of heights."" ""You are a coward!"
4923,「信用して」と彼は言った。,1512,"Trust me,"" he said.
4924	「これが探していたものだ」と彼は叫んだ。	1513	""This is what I was looking for!"" he exclaimed.
4925	「これはとてもおもしろそうだね」とひろしが言います。	1514	""This looks pretty interesting,"" Hiroshi says.
4926	彼らのコミュニケーションは我々が考えてきたものよりはるかに複雑かもしれません。	1515	Their communication may be much more complex than we thought.
4927	「電話が鳴っているよ」「私が出ます」	1516	""The phone is ringing."" ""I'll get it."
4929,「手伝ってくれてありがとう」「どういたしまして」,1518,"Thank you for helping me."" ""Don't mention it."
4929,「手伝ってくれてありがとう」「どういたしまして」,508289,"Thanks for the help."" ""Don't mention it."
4930,またいつか風のように走るんだ。,1519,Someday I'll run like the wind.
4931,「彼女は音楽が好きだ」「私もそうだ」,1520,"She likes music."" ""So do I."
4932,お願いだから泣かないで。,1521,Please don't cry.
4933,何か私にできることがありましたらお知らせ下さい。,1522,Let me know if there is anything I can do.
4934,そこで私たちを待っている幸福が、私たちが望むような幸福ではないかもしれない。,1523,It may be that the happiness awaiting us is not at all the sort of happiness we would want.
4935,私たちがそこへ行くかどうかを決めるのは君の責任だ。,1524,It is up to you to decide whether we will go there or not.
4935,私たちがそこへ行くかどうかを決めるのは君の責任だ。,1396342,It's up to you to decide whether we'll go there or not.
4936,授業は八時三十分から始まるから。,1525,Class doesn't begin until eight-thirty.
4937,ここから遠くまで行けるボートが欲しいです。,1526,I want a boat that will take me far away from here.
4937,ここから遠くまで行けるボートが欲しいです。,1396362,I want a boat that'll take me far away from here.
4938,「トランプしたいなあ」「私も」,1527,"I feel like playing cards."" ""So do I."
4939,「以前にどこかで会ったことがありませんか」とその学生はたずねた。,1528,"Haven't we met somewhere before?"" asked the student.
4940	日本人ならそんなことはけっしてしないでしょう。	1529	A Japanese would never do such a thing.
4940	日本人ならそんなことはけっしてしないでしょう。	446085	A Japanese person would never do such a thing.
4942	射手は鹿を射た。	1531	The archer killed the deer.
4943	私の生きているうちに共産主義が効力を持つことは無いだろう。	1532	Communism will never be reached in my lifetime.
4944	ライ麦は貧困の穀物と称されていた。	1533	Rye was called the grain of poverty.
4945	もし間違いを見つけたら訂正してください。	1535	If you see a mistake, then please correct it.
4946	トランプを樫のテーブルに置いて。	1536	Place the deck of cards on the oaken table.
4947	ドイツ人はとてもずる賢い。	1537	The Germans are very crafty.
4948	人は食事を取らなければ死んでしまう。	1538	If you don't eat, you die.
4948	人は食事を取らなければ死んでしまう。	731366	If you don't eat, you'll die.
4949	「ｐｒｅｔｔｙ」の綴りは？	1539	How do you spell ""pretty""?
4950	家に帰りましょうか。	1540	Why don't we go home?
4950	家に帰りましょうか。	380740	Shall we go home?
4951	申し訳ないけど長居できないんですよ。	1541	I'm sorry, I can't stay long.
4952	１０年は待つには長い時間だ。	1542	Ten years is a long time to wait.
4953	「どうして行かないの？」「行きたくないからだよ」	1543	""Why aren't you going?"" ""Because I don't want to."
4954,１００万人の人々がその戦争で命を落とした。,1544,One million people lost their lives in the war.
4955,３年前に東京へ来て以来ここに住んでいる。,72637,I came to Tokyo three years ago and have been living here ever since.
4956,１か月あまり名古屋に居たことがある。,73242,I lived for more than a month in Nagoya.
4956,１か月あまり名古屋に居たことがある。,622183,I lived in Nagoya for over a month.
4957,９０歳以上生きることは決してまれではない。,1547,It is not rare at all to live over ninety years.
4957,９０歳以上生きることは決してまれではない。,915345,It's not all that uncommon for people to live past the age of ninety.
4957,９０歳以上生きることは決してまれではない。,915346,It's not at all rare to live to be over ninety years old.
4959,まず新しいサイトの概説をしようと思う。,1549,"First, I'm going to do an outline of my new website."
4960,自分の顔が、パスポートの顔写真のようになってきたら、旅に出た方がいい。,1551,"When you're beginning to look like the photo in your passport, you should go on a holiday."
4961,あぁ私の白いズボンが！新しいのに。,1553,"Oh, my white pants! And they were new."
4962,多くの人に囲まれて彼は自然と少し緊張しだした。,1554,With so many people around he naturally became a bit nervous.
4963,私が駅を出た時、男の人を見た。,1555,"When I left the train station, I saw a man."
4964,それで誰もあなたを助けなかったの？,505774,And nobody helped you?
4965,君は天使のような人だ！,1557,You're an angel!
4966,マドリードから来た人たちは変わっている。,1558,People from Madrid are weird.
4967,あぁまだ、宵の口だね。,1559,"Well, the night is quite long, isn't it?"
4969,わたしがいなくて淋しいと思った？,1561,Did you miss me?
4970,それらはみんな同じかい？,1563,Are they all the same?
4971,ありがとうございます！,1564,Thank you very much!
4971,ありがとうございます！,374827,Thank you!
4971,ありがとうございます！,534970,Thanks a lot!
4971,ありがとうございます！,2057650,Thanks.
4972,すみません、卵はどこにありますか？,1565,"Where are the eggs, please?"
4972,すみません、卵はどこにありますか？,1235191,Excuse me. Where are the eggs?
4973,びっくりだ。,1567,It's a surprise.
4974,良い考えだね！,1568,That's a good idea!
4975,往復旅行？片道だけです。,1569,Round trip? Only one-way.
4976,誰かが亡くなったときは悲しいものだよ。,1570,It's a pity when somebody dies.
4977,洗ったあと引っ張って形にして。,1573,Pull into shape after washing.
4978,最初着る前に洗濯してください。,1574,Wash before first wearing.
4979,電車が停まるまで開けないで。,1575,Don't open before the train stops.
4981,こわれやすいガラス張りの家に住む者は石を投げてはいけない。,1577,Those who live in glass houses should not throw stones.
4981,こわれやすいガラス張りの家に住む者は石を投げてはいけない。,51870,People who live in glass houses shouldn't throw stones.
4982,「あばたもえくぼ」って言うからね。,1578,They say love is blind.
4983,あら、申し訳ございません。,1579,"Oh, I'm sorry."
4984,数学は恋のようだ。単純だけど複雑にもなりうる。,1580,"Math is like love: a simple idea, but it can get complicated."
4985,有意義な回答とは、新たな疑問を生むようなそれである。,1581,The only useful answers are those that raise new questions.
4986,自分自身に疑問を持つことは良識の第一歩だ。,1582,To have doubts about oneself is the first sign of intelligence.
4987,貧しい人とはほんのわずかしか持っていない人ではなく欲のありすぎる人である。,1583,"Poor is not the one who has too little, but the one who wants too much."
4988,驚かない所をみると知ってたのね。,1584,"Seeing that you're not surprised, I think you must have known."
4989,あなたが駅に着くのにどのくらいかかりますか。,1585,How long does it take to get to the station?
4991,失礼だが、上記の記事にある３つの誤りを指摘しておきたい。,1587,Excuse me; allow me to point out three errors in the above article.
4991,失礼だが、上記の記事にある３つの誤りを指摘しておきたい。,599187,"Excuse me, let me point out three mistakes in the above article."
4991,失礼だが、上記の記事にある３つの誤りを指摘しておきたい。,915347,Excuse me. I'd like to point out three errors in the above article.
4993,「はい」と「いいえ」しか言わない人と会話を続けるのは難しい。,1589,"It is difficult to keep up a conversation with someone who only says ""yes"" and ""no""."
4993,「はい」と「いいえ」しか言わない人と会話を続けるのは難しい。,73822,It is difficult to keep up a conversation with someone who only says Yes and No.
4994,イタリア語を話せますか？,1590,Do you speak Italian?
4995,「あの音で考え事ができないわ」と、彼女はタイプライターを見つめながら言った。,1591,"I can't think with that noise,"" she said, as she stared at the typewriter.
4995	「あの音で考え事ができないわ」と、彼女はタイプライターを見つめながら言った。	73968	""I can't think with that noise,"" she said, staring at the typewriter.
4996	「ハムレット」はこれまでで最もおもしろい戯曲だと言われている。	1592	It is said that ""Hamlet"" is the most interesting play ever written.
5000	ひとつ質問してもいいですか。	1594	May I ask a question?
5001	「気分はどうですか」と彼は尋ねた。	1595	""How do you feel?"" he inquired.
5001	「気分はどうですか」と彼は尋ねた。	1230717	""How do you feel?"" he asked.
5002	２、３年でフランス語に熟達するのはきわめて難しい。	1596	It's quite difficult to master French in 2 or 3 years.
5003	それをあなたに説明することは私には無理です。	1597	It's impossible for me to explain it to you.
5004	そのことを後悔しながら余生を送りたくない。	1598	I don't want to spend the rest of my life regretting it.
5005	年月を経て物事がどう変わっていくか見るのは面白そうだ。	1599	It would be fun to see how things change over the years.
5006	そのことは全く予想していませんでした。	1600	I would never have guessed that.
5007	想像力は私たちの生活のどの側面にも影響を与える。	1601	Imagination affects every aspect of our lives.
5008	いつか私のことは忘れちゃうわ。	1602	You'll forget about me someday.
5009	それはいささか唐突だ。	1603	That is rather unexpected.
5010	どれくらいかかるのかしら。	1604	I wonder how long it's going to take.
5011	テレビがなかったら生きていけないよ。	1605	I can't live without a TV.
5012	君がいなければできなかった。ありがとう。	1606	I couldn't have done it without you. Thank you.
5013	努力なくしては何も得られない。	1607	Nothing is achieved without effort.
5014	多くの人が目的なく人生を漂う。	1608	Many people drift through life without a purpose.
5015	愛のない人生など全く無意味だ。	1609	Life without love is just totally pointless.
5015	愛のない人生など全く無意味だ。	2065607	Life without love is meaningless.
5015	愛のない人生など全く無意味だ。	2065609	Life without love has no meaning.
5016	もし変更が必要でしたら、お知らせください。	1610	Let me know if I need to make any changes.
5016	もし変更が必要でしたら、お知らせください。	1230706	Let me know if I need to change.
5017	試験が教育を駄目にしていると思う。	1611	I think exams are ruining education.
5018	うるさくて眠れないんです。	1612	We can't sleep because of the noise.
5019	コンドーム持ってる？	1613	Do you have a condom?
5021	あの方が言われる事を、何でもしてあげて下さい。	1615	Do whatever he tells you.
5022	学校まで１０分で歩いて行ける。	1616	I can walk to school in 10 minutes.
5022	学校まで１０分で歩いて行ける。	73381	I can walk to school in ten minutes.
5023	２、３ページの英語を訳すのに２時間以上もかかりました。	1617	It took me more than two hours to translate a few pages of English.
5024	１１時になっているよ。	1618	It is already eleven.
5024	１１時になっているよ。	1396333	It's already eleven.
5025	ブラウンさんをお願いします。	1619	May I talk to Ms. Brown?
5025	ブラウンさんをお願いします。	910832	May I talk to Mr. Brown?
5026	「ええ、オレンジジュースをお願いします」マイクは言った。	1620	""Yes, orange juice please,"" says Mike.
5026	「ええ、オレンジジュースをお願いします」マイクは言った。	3188190	""Yes, orange juice please,"" Mike said.
5027	「ああ！」は感嘆詞だ。	1621	""Ah!"" is an interjection.
5028	あなたは何を求めているのですか。	1622	What do you want?
5029	学校教育の義務的側面は子どもの学習意欲を改善させる様々な研究の多くの取り組みの中ではめったに分析されない。	1623	The mandatory character of schooling is rarely analyzed in the multitude of works dedicated to the study of the various ways to develop within children the desire to learn.
5030	あなたに不満があります。	1625	I have a bone to pick with you.
5031	君にお金をあげるから俺が必要なのか。	1626	Do you need me to give you some money?
5032	パリは世界で最も美しい街である。	1627	Paris is the most beautiful city in the world.
5034	なぁ、金は無いかもしれないけどまだプライドは捨てちゃいないんだ。	1629	Hey, I may have no money, but I still have my pride.
5035	私には夢がある。	1630	I have a dream.
5036	こちらは私の友達のレイチェルです。私たちは同じ高校に通っていました。	1631	This is my friend Rachel. We went to high school together.
5037	生活費が断然上がった。	1632	The cost of life increased drastically.
5038	作り事はすべて、真実だ。	1633	All that which is invented, is true.
5039	驚くこと、不思議に思うことは理解し始めるということなんだ。	1634	To be surprised, to wonder, is to begin to understand.
5040	だが宇宙は無限だ。	1635	But the universe is infinite.
5041	完璧であるには、欠点だけが欠けていた。	1636	To be perfect she lacked just one defect.
5042	しかし、逆もまた真である。	1637	And yet, the contrary is always true as well.
5043	物事は、ありのまま見るのではなく、自分自身をそこに見る。	1638	We don't see things as they are, but as we are.
5044	世界は奇人の巣だ。	1639	The world is a den of crazies.
5045	あなたは他の誰も見ていなかった場所で私を見つけた。	1641	You found me where no one else was looking.
5046	君が側にいてくれれば何もいらない。	1642	You're by my side; everything's fine now.
5046	君が側にいてくれれば何もいらない。	470201	If you are by my side, I don't need anything else.
5047	知らないってどういうこと？！	1643	What do you mean you don't know?!
5048	馬鹿みたい！	1644	You look stupid.
5048	馬鹿みたい！	282413	This is silly!
5049	寝ようと思う。	1645	I think I'm gonna go to sleep.
5050	私の名前はジャックです。	1646	My name is Jack.
5051	買い物に行かなければならない。一時間で戻るよ。	1650	I have to go shopping. I'll be back in an hour.
5052	とっても好きよ。	1647	I like it very much.
5052	とっても好きよ。	2765411	I really like it.
5052	とっても好きよ。	2765412	I like it a lot.
5053	明日会いましょうか？	1648	We're meeting up tomorrow?
5053	明日会いましょうか？	899087	Shall we meet tomorrow?
5053	明日会いましょうか？	899088	Would you like to meet tomorrow?
5054	イタリア語では何て言うんですか。	1649	How do you say that in Italian?
5055	ここから遠いの？	1651	Is it far from here?
5056	これらの物は私の物ではない。	1652	These things aren't mine!
5057	ありがとう、それだけだよ。	1653	Thanks, that's all.
5058	僕と踊ってくれませんか。	1654	Would you like to dance with me?
5059	何時ですか。	24596	What time do you have?
5059	何時ですか。	428402	What time is it?
5060	ご出身はどちらですか。	370703	Where are you from?
5061	あなたの名前は？	70623	What is your name?
5061	あなたの名前は？	408293	What's your name?
5062	イタリアはとても美しい国です。	1658	Italy is a very beautiful country.
5063	私のせいじゃない！	1659	It's not my fault!
5064	一晩泊めてもらいたいんだけど。	1660	I'd like to stay for one night.
5065	この辺りにユースホステルはありますか？	1662	Is there a youth hostel near here?
5065	この辺りにユースホステルはありますか？	568302	Is there a youth hostel around here?
5066	シャワーはどこですか。	1663	Where are the showers?
5067	口を開けてください！	1664	Open your mouth!
5069	財布をなくしたの。	1666	I have lost my wallet.
5070	賛成です。	436281	I agree.
5071	愛情は浪費されるものではない。	1668	Love is never wasted.
5072	人生とは、他の予定を立てることに忙しくしている時に起こる現象のことだ。	1669	Life is what happens to you while you're busy making other plans.
5073	欲しくないという事は持っていると同じことだ。	1670	Not wanting is the same as having.
5074	彼はとてもセクシーだ。	1671	He's very sexy.
5075	ひとりにさせて！	25534	Leave me alone!
5075	ひとりにさせて！	27641	Leave me alone.
5076	「塩を取って下さい」「はい、どうぞ」	1673	""Pass me the salt, please."" ""Here you are."
5077,やらなければならない事がありすぎる！,1674,There are too many things to do!
5078,おいくつですか？,436243,How old are you?
5079,ねぇ遊んでよ、とっても退屈なの！,1676,"Come on, play with me, I'm so bored!"
5080,私のチョコレートを食べることを考えさえしないで。,1677,Don't you even think of eating my chocolate!
5081,飲み物を俺に頼まないでくれよ。自分で買いにいけばいいだろ。,1678,Stop asking me for a drink! Go get it yourself.
5082,あんたのせいで食欲をなくしたよ。,1679,Thanks to you I've lost my appetite.
5083,とにかく誰かをぶたないと気が済まない。,1680,I really need to hit somebody.
5084,最後に家族でディズニーランドへに行ってからもう随分になる。,1682,It has been so long since I last went to Disneyland with my family.
5085,両親がくだらないことで言い争っていて、とてもいらいらするよ。,1683,My parents keep arguing about stupid things. It's so annoying!
5086,日焼け止めを塗りたくないならそれは君の問題だからいいけれど、でも日焼けしたからって僕に不満を言うのは止めてくれよ。,1684,"If you don't want to put on sunscreen, that's your problem. Just don't come complaining to me when you get a sunburn."
5087,友達はいつも僕のこととても落ち着いてるって言うけれど、家族にはいつもいらいらしているって言われるんだ。,1685,"My friends always say I'm too calm, but my family always says I'm too annoying."
5088,あの蜘蛛が大嫌い。いつもそこにいて私が掃除するときいらいらさせるの。,1686,I hate those spiders. They're always there to freak me out when I'm cleaning.
5089,あぁいらいらする・・・今やパソコンを使うたびに頭痛がするよ。,1687,So annoying... Now I get a headache whenever I use the computer!
5090,とても暑くて、車のボンネットで卵が焼けるよ。,1688,It's so hot that you could cook an egg on the hood of a car.
5091,誰がこの問題をしらないんだ？,1681,Who doesn't know this problem?!
5092,今日はとても暑い。,1689,It is very hot today.
5092,今日はとても暑い。,694423,It's very hot today.
5093,誰も来なかった。,1690,Nobody came.
5093,誰も来なかった。,2238072,No one came.
5094,赤い冷蔵庫を見たことがない。,471785,I have never seen a red refrigerator.
5095,彼は約束を破った。,304317,He broke his word.
5095,彼は約束を破った。,1130045,He broke his promise.
5095,彼は約束を破った。,2869993,He didn't keep his promise.
5096,偽りの姿を愛されるくらいなら、嫌われた方がましだ。,1693,Better to be hated for who you are than loved for who you're not.
5097,心配しないで、楽しくいこう！,1800,"Don't worry, be happy!"
5098,馬が亡くなってから鞍が淋しい。,1694,It's lonely in the saddle since the horse died.
5099,私の目は夢を反映する海である。,1696,My eyes are an ocean in which my dreams are reflected.
5100,私が話しているときは私を見て！,1698,Look at me when I talk to you!
5101,女性がいなければ世界はどうなっていただろう。,1699,What would the world be without women?
5102,君が演説をして誰も来なかったらどうするの？,1700,What if you gave a speech and nobody came?
5103,君を元気にさせるのに何と言っていいか分からないよ。,1701,I don't know what to say to make you feel better.
5104,私のタイプじゃない。,1702,This is not my type.
5105,時間を潰そうとしていた。,1703,I was trying to kill time.
5106,こんな馬鹿げた考えをどうやって思いついたんだ？,1704,How did you come up with this crazy idea?
5107,疲れているんだ。,1705,I'm tired.
5108,ホットチョコレート欲しい人ー？,1706,Who wants some hot chocolate?
5109,もっとゆっくり話してください！,1707,"Speak more slowly, please!"
5111,いつ着くの？,1709,When do we arrive?
5112,勘定お願いします。,1710,"The check, please."
5112,勘定お願いします。,21098,"Check, please."
5112,勘定お願いします。,462578,"The bill, please."
5113,それで何をしようとしているの？,1711,And what are we going to do?
5114,頭痛がする。,1712,I have a headache.
5114,頭痛がする。,456425,My head hurts.
5115,電話はどこでできる？,1713,Where can one make a phone call?
5115,電話はどこでできる？,1582614,Where can I make a phone call?
5116,いびきをかくことは認めるよ・・・。,1714,I must admit that I snore.
5117,今夜教会に行くよ。,1715,Tonight we're going to church.
5117,今夜教会に行くよ。,2785958,I'm going to church tonight.
5118,元気？旅行は良かった？,1716,How are you? Did you have a good trip?
5119,気分がよくないんだ。,1717,I don't feel well.
5120,警察を呼んで！,1718,Call the police!
5120,警察を呼んで！,2245027,Call the cops.
5121,値段が高すぎる！,1719,It's too expensive!
5121,値段が高すぎる！,462882,The price is too high.
5121,値段が高すぎる！,925077,It is too expensive.
5122,彼女は寝たふりをしているからいびきをかいていないんだ。,1720,She's faking sleep. That's why she's not snoring.
5123,靴が小さすぎるから新しいのを買う必要があるな。,1721,My shoes are too small. I need new ones.
5124,逃げよう。サツが来てる。,1722,We're getting out of here. The cops are coming.
5125,メリークリスマス！,1723,Merry Christmas!
5126,10ヶ国語を話せたらどんなにかっこいいだろう！,1724,It would be so cool if I could speak ten languages!
5127,「もし疲れているなら寝たらどう？」「僕が今寝たらあまりに早く目覚めてしまうから」,1725,"If you're tired, why don't you go to sleep?"" ""Because if I go to sleep now I will wake up too early."
5128,私の言う事を聞くべきだったのに。,1726,You should have listened to me.
5130,体が触れられたとき肌の感覚器官は脳に信号を送り、エンドルフィンのような化学物質が放出される。,1728,"When the body is touched, receptors in the skin send messages to the brain causing the release of chemicals such as endorphins."
5131,2006年上海では15万組の夫婦が結婚すると予想されている。,1730,One hundred and fifty thousand couples are expected to get married in Shanghai in 2006.
5132,ニジェールでは50万人もの子供たちが未だ栄養失調に直面している。,1732,Half a million children still face malnutrition in Niger.
5134,自転車は都会の環境を破壊することなく資源利用を持続することのできる道具である。,1734,Bicycles are tools for urban sustainability.
5135,仏政府は国家予算の帳尻を合わせるよう納税者に挑むオンラインゲームを売り出した。,1735,The French government has launched an online game that challenges taxpayers to balance the national budget.
5136,彼がそれを聞いたら喜ぶよ。,1736,He would be glad to hear that.
5137,証明もできないのに、一体何を真実だと信じるのだ？,1737,What do you believe is true even though you cannot prove it?
5138,コンピューターのおかげで人間は馬鹿になる。,1738,Computers make people stupid.
5139,考えていることを聞くな。やることを聞け。,1739,Don't ask what they think. Ask what they do.
5140,何かを証明しようとする場合、それが真実であるという確信を持つことは何らかの手助けになる。,1740,"When you're trying to prove something, it helps to know it's true."
5141,世界を変えるのは情報ではなくコミュニケーションだ。,1741,"What changes the world is communication, not information."
5142,ほとんどの科学的進歩は当然のことについての発見に過ぎない。,1742,Most scientific breakthroughs are nothing else than the discovery of the obvious.
5144,過去は知られているが変えられない。未来は未知だが変えることができる。,1744,"The past can only be known, not changed. The future can only be changed, not known."
5145,鍵となる問題は何を得ることができるかではなく、何を失わなければならないかである。,1745,The key question is not what can I gain but what do I have to lose.
5146,誤解され得るものはいずれすべて誤解されるであろう。,1746,Anything that can be misunderstood will be.
5147,何で人生はこんなに苦悩でいっぱいなんだ？,1748,Why is life so full of suffering?
5148,睡眠は重要であるにもかかわらず、その役割は謎である。,1749,"Despite the importance of sleep, its purpose is a mystery."
5149,情熱は苦悩を生む。,1751,Passion creates suffering.
5150,ジュネーブから来る列車が駅に到着します。,1752,The train from Geneva will arrive at the station.
5151,彼の誕生日に贈り物をあげたいんです。,1753,I would like to give him a present for his birthday.
5152,おなか空いた！,1754,I'm starving!
5152,おなか空いた！,404096,I'm hungry!
5152,おなか空いた！,1839531,I'm hungry.
5153,アンティグアに友達はいますか？,1755,Do you have friends in Antigua?
5154,一立方メートルは千リットルにあたる。,1756,A cubic meter corresponds to 1000 liters.
5155,私は結婚していて子どもが二人いる。,1758,I am married and have two children.
5156,彼はピアノを上手に弾く。,1759,He plays the piano very well.
5157,あまり見えない。,1760,I see it rarely.
5158,パリで勉強したい。,1761,I'd like to study in Paris.
5159,あなた私が誰か知らないのね。,1762,You don't know who I am.
5160,野菜を食べたら？,2765281,Why don't you eat some vegetables?
5161,なぜ人々は映画を見に行くのか？,1764,Why do people go to the movies?
5162,私は服を脱いでいる。,1765,I'm undressing.
5163,このような辞書には、「冷蔵庫」という言葉を使った例文が少なくとも2つは載っているはずだ。,1769,"In a dictionary like this one there should be at least two sentences with ""fridge""."
5164,創造説は擬似科学だ。,2662020,Creationism is pseudoscience.
5165,風がおだやかになった。,1771,The wind calmed down.
5166,私の持っている全てをあなたに与えるために時間をちょうだい。,1773,Give me time to give you everything I have!
5167,意志あるところには道がある。,1775,"Where there's a will, there's a way."
5168,ローマは一日にして成らず。,1777,Rome wasn't built in a day.
5169,沈黙は同意を表す。,1778,Silence gives consent.
5170,「おわったの」「それどころかまだ始めていないよ」,1779,"Have you finished?"" ""On the contrary, I have not even begun yet."
5171,「おはよう」とトムは微笑みながら言った。,1780,"Good morning"", said Tom with a smile.
5172	ワインとは、ボトルに詰められた詩である。	1782	Wine is poetry in bottles.
5172	ワインとは、ボトルに詰められた詩である。	553931	Wine is poetry put into a bottle.
5172	ワインとは、ボトルに詰められた詩である。	560974	Wine is bottled poetry.
5173	あの日が私の人生で最高の日だった。	1783	That was the best day of my life.
5174	ドイツ語は分かりません。	1784	I don't understand German.
5175	決めました。	1785	I made my decision.
5175	決めました。	2111662	I've decided.
5176	約束するよ。	1786	I give you my word.
5178	不規則動詞の勉強は好きではない。	1802	I don't like learning irregular verbs.
5179	本を取ってそれを読みなさい。	1803	Take a book and read it.
5180	あなたは私に夢を見させてくれるのね。	1806	You make me dream.
5181	うれしさで舞い上がっています。	1807	I'm beside myself with joy.
5182	それは全くの真実です。	1812	That's the absolute truth.
5183	寒い。	1813	It's cold.
5184	喉が渇いた。	1814	I'm thirsty.
5185	高校時代について最も後悔することを人々に尋ねると大抵の人は決まってこう言う。時間を無駄にしすぎていた、と。	1815	When I ask people what they regret most about high school, they nearly all say the same thing: that they wasted so much time.
5186	したいことが出来なければ出来ることをしなさい。	1817	When you can't do what you want, you do what you can.
5187	親切にしてやればつけあがる。	1818	Give him an inch and he'll take a yard.
5188	あなたは正しい。	411667	You're right.
5189	わざとやったのね！	1819	You did this intentionally!
5189	わざとやったのね！	2772519	You did it on purpose, didn't you?
5190	彼に何も言わなかったの？	1820	You didn't tell him anything?
5190	彼に何も言わなかったの？	983814	You mean you didn't tell him anything?
5191	あなたは私の好みのタイプです。	1822	You're my type.
5192	あなたは抵抗できない。	1823	You're irresistible.
5193	また後でかけ直していただけませんか？	1824	Could you call again later, please?
5194	私は誰と話しているの？	1825	Who am I talking with?
5195	さぁ笑って、泣くのは後！	1827	Smile now, cry later!
5196	人生は美しい。	1829	Life is beautiful.
5197	彼はあなたにあなたのセックスライフを語って欲しくないんだよ。	1833	He doesn't want you to tell him about your sex life.
5198	男性が好きなのになぜ女性と結婚するの？	1835	Why would you marry a woman if you like men?
5199	なんで考えを変えたの？	1838	What made you change your mind?
5200	あなたがじゃがいもを買うように奇蹟を買うことができないなんて本当に残念だわ。	1840	It's a pity that you can't buy miracles like you would buy potatoes.
5201	この赤ちゃんペンギンとっても可愛い！	1848	This baby penguin is too cute!
5202	病院にいるよ。雷に打たれたんだ。	1850	I'm at the hospital. I got struck by lightning.
5203	君の助けが必要なんだ。	257113	I need your help.
5204	止めて！あなたは彼女の気分を害してるわ。	1479	Stop it! You're making her feel uncomfortable!
5205	あなたにとってひらめきの最大の源は何？	1852	What is your greatest source of inspiration?
5206	一緒に暮らせる誰かと結婚するのではなく、その人なしでは生きていけない人と結婚するのよ。	1853	You don't marry someone you can live with — you marry the person whom you cannot live without.
5207	理論上、理論と実行の間には何の違いもないが、実際上違いはあるものだ。	1854	In theory, there is no difference between theory and practice. But, in practice, there is.
5208	あまりに馬鹿げていて言葉にできないことは歌うことで生み出される。	1857	Anything that is too stupid to be spoken is sung.
5208	あまりに馬鹿げていて言葉にできないことは歌うことで生み出される。	430009	Everything that is too stupid to say, is sung.
5210	学校へ行きたくない。	1860	I don't want to go to school.
5211	私たちはもう終わったわ。指輪を返して！	1861	It's over between us. Give me back my ring!
5212	雨が降っている。	1862	It is raining.
5212	雨が降っている。	456237	It's raining.
5213	今日海岸に行こうと思っていたのに雨が降ってきた。	1863	I was planning on going to the beach today, but then it started to rain.
5214	彼女は本当に賢いよね？	1864	She's really smart, isn't she?
5215	明日図書館で勉強するつもりです。	1874	Tomorrow, I'm going to study at the library.
5216	遅すぎる。	1875	Too late.
5216	遅すぎる。	1894557	It's too late.
5217	昨日動物園に行った。	1876	I went to the zoo yesterday.
5218	私たちは戦いに勝った。	1877	We won the battle.
5220	毎日お昼ご飯を作っているよ。	1879	I make lunch every day.
5221	今朝テレビを見ました。	1880	I watched TV this morning.
5222	食事中本を読んだ。	1881	I read a book while eating.
5223	僕はあまりに疲れていたので昼休みにひと眠りした。	1882	I slept a little during lunch break because I was so tired.
5224	先週中国語を習い始めました。	1883	I started learning Chinese last week.
5225	私は海の近くに住んでいるのでよく海岸に行きます。	1885	I live near the sea, so I often get to go to the beach.
5225	私は海の近くに住んでいるのでよく海岸に行きます。	3567588	I live near the sea, so I often go to the beach.
5226	君のめがねが床に落ちたよ。	1888	Your glasses fell on the floor.
5227	一日に何回鏡で自分を見ているの？	1889	How many times a day do you look at yourself in the mirror?
5228	昨年ロンドンへ行きました。	1890	We went to London last year.
5229	彼女はそのことについて話したくないんだよ。	1891	She doesn't want to talk about it.
5230	もっと時間が必要だ。	436863	I need more time.
5231	私の弟はテレビを見ている。	1900	My little brother is watching TV.
5231	私の弟はテレビを見ている。	614051	My brother is watching TV.
5231	私の弟はテレビを見ている。	614438	My younger brother is watching TV.
5232	彼は常時彼の才能をねたむ人々から中傷されることにうんざりしていた。	1938	He was sick of being vilified all the time by people who were jealous of his ability.
5233	カトリックを信じていない人々でさえ象徴的指導者として法王を敬っている。	1940	Even people who don't believe in the Catholic church venerate the Pope as a symbolic leader.
5234	飛行機が乱気流に近付いていたため操縦士は乗客にシートベルトを締めるよう呼びかけた。	1944	As the plane was approaching turbulence, the pilot asked the passengers aboard the plane to fasten their seat belts.
5235	ジェイソンは無口な人だったので彼が何かを言うたび驚いていた。	1947	Jason was a taciturn individual, so it was always a real surprise when he said anything.
5236	国王はいつも自分を褒めるおべっか使いにうんざりしていたので彼らを遠くへ飛ばした。	1948	The king was tired of his sycophants always praising him, so he sent them away.
5237	スペンサーはいたずらをした友達に仕返しをするひそかな計画を誰にも言わないだろう。	1949	Spenser would not tell anyone his surreptitious plan to get back at his friends for pranking him.
5238	もしスペンサーが文を足して訳し続けなければ、他の貢献者がきっと彼を追い抜くだろう。	1950	If Spenser doesn't keep adding and translating sentences, the other contributors will surely surpass him.
5239	彼の評論は問題の表面的な分析結果を取り上げていただけだったのでクラスで最上位の成績を得たことにとても驚いた。	1952	His essay gave only a superficial analysis of the problem, so it was a real surprise to him when he got the highest grade in the class.
5240	結婚式ではあまりにたくさんのごちそうが出されたので、新郎新婦はもっと多くの人を呼ぶべきだったかなと思い始めた。	1962	Food and drink were served in such profusion at the wedding that the bride and groom began to wonder if they should not have invited more guests.
5241	この評論を優勝作品に選んだ基準は何ですか。	2003	What criterion did you use when you elected this essay as the winner?
5242	私は自分の仕事を気に入っています。	2007	I like my job very much.
5243	殺人犯は有罪判決を受けて終身刑に処せられた。	2009	The murderer was convicted and sentenced to life in prison.
5244	小規模の森林火災はみるみる広がり大火災となった。	1625846	A small forest fire quickly spread and became a huge conflagration.
5245	全生徒がプロムの夜礼儀正しく振る舞っているのを見て驚いた。	2018	It was a surprise to see all the students behaving with decorum on prom night.
5246	わたしはあなたの夢を見ました。	2022	I dreamt about you.
5246	わたしはあなたの夢を見ました。	776012	I dreamed about you.
5247	新しいパソコンを買わねばなりません。	2023	I have to get a new computer.
5248	負けない！	2024	I won't lose!
5249	学校に遅刻した。	2025	I was late to school.
5249	学校に遅刻した。	2768601	I was late for school.
5250	もうすぐ授業が再開する。	2026	Classes are starting again soon.
5251	くしゃみが出そう・・・ティッシュちょうだい。	2027	I think I'm gonna sneeze. Give me a tissue.
5252	この日はただ時間とお金の無駄だった。	2029	This day was just a waste of time and money.
5253	でもあなたは私に言ってくれなかったでしょ！	2031	But you've never told me about this!
5254	自分のウェブサイトの構成を変えた。	2032	I've changed my website's layout.
5255	まだ晴れている間に洗濯をしなければなりません。	2035	I have to do laundry while it's still sunny.
5256	ごめん。出来るとは思えないよ。	2036	Sorry, I don't think I'm gonna be able to.
5257	時間はたっぷりあった。	2037	You had plenty of time.
5258	私を批判するのは止めて！	2038	Stop criticizing me!
5259	ねぇ私に話してよ、トラング。	2039	Come on! Talk to me, Trang.
5260	ほぼ終わった。	2040	I'm almost done.
5261	いくつサンドイッチ残ってるの？	2042	How many sandwiches are there left?
5262	窓から日が沈むのを見ることができるだろう。	2045	We could see the sunset from the window.
5262	窓から日が沈むのを見ることができるだろう。	1010152	You can see the sun setting from the window.
5263	私が絶対勝てないってあなた言った？	2047	Did you say that I could never win?
5264	外は真っ暗だ。	2048	It's all dark outside.
5264	外は真っ暗だ。	1053373	It's dark outside.
5264	外は真っ暗だ。	1053374	It's pitch black outside.
5265	何が起こったの？アパート全体水浸しだよ。	2049	What happened? There's water all over the apartment.
5266	夏休みの間、私は夜中に夕食を食べていた。	2050	During summer breaks, I ate dinner at midnight.
5267	自殺なんてするんじゃない。	2054	Never try to die.
5268	この業界ではもう年をとりすぎている。	2055	I am too old for this world.
5269	税金を払ったら実生活の始まりだ。	2058	Life begins when you pay taxes.
5270	彼は彼の人生の話を私にしてくれた。	2063	He told me the story of his life.
5270	彼は彼の人生の話を私にしてくれた。	1396499	He told me his life's story.
5271	何を話しているの？	2066	What are you talking about?
5272	飴がほしい。	2067	I want a piece of candy.
5272	飴がほしい。	2763573	I want some candy.
5273	今日はきっと楽しくなると思っていたよ。	2068	I knew that today would be fun.
5274	いつご飯食べるの？お腹空いたよ。	2073	When are we eating? I'm hungry!
5275	学校は好きじゃない。	386739	I don't like school.
5276	明日授業があります。	2075	I have class tomorrow.
5278	「ありがとう」「どういたしまして」	2077	""Thank you."" ""You're welcome."
5278,「ありがとう」「どういたしまして」,1050524,"Thanks."" ""You're welcome."
5279,冬は私の一番好きな季節です。,2079,Winter is my favorite season.
5280,あなたからさまざまなことを学びました。,2083,I learned a lot from you.
5281,彼女は無理なお願いをしている。,2095,She's asking for the impossible.
5282,彼は跡形もなく姿を消してしまったんだ。,2096,He disappeared without a trace.
5283,コミュニケーションなしに進展はあり得ない。,2098,There cannot be progress without communication.
5284,私はひざを曲げずに両方の手のひらを床に付けることができる。,2097,I can place the palms of my hands on the floor without bending my knees.
5285,誰しも、夢はかなうと信じたいものだ。,2099,Everyone would like to believe that dreams can come true.
5286,夢を実現するのに一番良いのは目を覚ますことである。,2100,The best way to make your dreams come true is to wake up.
5287,世界は君を中心に回っているわけではないんだよ。,2101,The world doesn't revolve around you.
5288,この世は、愚か者だらけ。,2102,The world is full of fools.
5289,私の命が危ないと言ってるわけですか？,2103,Are you saying my life is in danger?
5290,僕の人生がどんなものか、君は分かっているのか？,2104,Do you have any idea what my life is like?
5291,この場所には不思議な雰囲気がある。,2105,This place has a mysterious atmosphere.
5292,これにつきまして、お考えをお聞かせ願えればと存じます。,2106,I look forward to hearing your thoughts on this matter.
5293,同性愛者ですが何か？それが犯罪だとでも？,2107,So what if I am gay? Is it a crime?
5294,彼のいない人生はむなしい。,2108,My life is hollow without him.
5294,彼のいない人生はむなしい。,1412473,My life is empty without him.
5295,私の母はオレンジジュースを二本買った。,2110,My mother bought two bottles of orange juice.
5296,彼女は黒い帽子をかぶっていた。,2111,She was wearing a black hat.
5297,私たちは朝食にパンケーキを作った。,2112,We made pancakes for breakfast.
5298,きょう何を昼食に食べましたか。,401813,What did you eat for lunch today?
5298,きょう何を昼食に食べましたか。,416370,What did you have for lunch today?
5299,午後はずっと友人とおしゃべりをして過ごした。,2114,I spent the whole afternoon chatting with friends.
5300,私はもっと自立したいと思っている。,2115,I want to be more independent.
5301,そこに一日中ただ立っているつもりかい？,2116,Are you just going to stand there all day?
5302,ウサギには長い耳と短い尾がある。,2117,A rabbit has long ears and a short tail.
5302,ウサギには長い耳と短い尾がある。,1396365,Rabbits have long ears and short tails.
5303,私の心は幸福感でいっぱいだった。,2118,My heart was filled with happiness.
5304,彼は嫌な思い出が消えることを願っている。,2119,He wishes to erase bad memories.
5305,私は秘密を漏らしたりしません。,2121,Your secret will be safe with me.
5306,君の愚痴はもう聞きたくないよ。,2122,I don't want to hear any more of your complaining.
5307,そんな不当な提案は、拒否すべきだったのに。,2124,You should have refused such an unfair proposal.
5307,そんな不当な提案は、拒否すべきだったのに。,1396371,You should've rejected such an unfair proposal.
5308,数学はただ公式を暗記すればいいというものではない。,2126,Mathematics is not just the memorization of formulas.
5309,そういう印象を与えるつもりではなかったんです。,2127,I didn't mean to give you that impression.
5309,そういう印象を与えるつもりではなかったんです。,416368,I didn't mean to give that impression.
5310,やった！2回続けて勝っちゃった！,2128,Yes! I won twice in a row!
5311,ファストフードはもう飽きた。,2129,I'm tired of eating fast food.
5312,バカンスに行くのが待ち遠しい。,2131,I can't wait to go on a vacation.
5313,うんざりするのにももう疲れた。,2130,I'm sick and tired of being sick and tired.
5314,もし電気がないと、私たちの暮らしがどのようなものになるか想像できますか。,2134,Can you imagine what our lives would be like without electricity?
5314,もし電気がないと、私たちの暮らしがどのようなものになるか想像できますか。,30713,Can you imagine what our life would be like without electricity?
5316,彼の話はあまりにも馬鹿げていたので誰も信じなかった。,2139,His story was too ridiculous for anyone to believe.
5317,私はこのプロジェクトに参加できることを誇りに思います。,2150,I am proud to be a part of this project.
5319,どこにいますか？,2168,Where are you?
5320,どこに行きますか？,371443,Where are you going to?
5320,どこに行きますか？,416367,Where are you going?
5321,体を大事にしなさい。,2260,Take good care of yourself.
5322,日本には美しい都市が多い。例えば京都、奈良だ。,2299,"Japan is full of beautiful cities. Kyoto and Nara, for instance."
5323,どこから来ましたか？,413605,Where have you come from?
5324,彼のことを知らない。,2319,I don't know him.
5325,何歳ですか。,288982,How old is he?
5325,何歳ですか。,436243,How old are you?
5326,土曜日までに本を返さなければなりません。,2405,I have to give back the book before Saturday.
5327,ハロー、問題が解決したよ。以上お知らせでした。,2407,"Hi, I just wanted to let you know that the problem is fixed."
5328,どうしてノートパソコンは持っているのに携帯電話は持っていないの？,2408,How can you have a laptop and not a cell phone?
5329,私は友達とビールを飲みに行った。,2409,I went to drink a beer with friends.
5330,彼らは言い争いをした。,2412,They quarreled.
5331,私はキャビアを食べた。,2413,I ate caviar.
5332,いくらですか？,2418,How much is it?
5332,いくらですか？,436193,How much does it cost?
5333,クレジットカードでも良いですか？,399051,Do you accept credit cards?
5333,クレジットカードでも良いですか？,2220910,Do you take plastic?
5334,すぐに伝票をお持ちします。,2420,I'll bring you the bill immediately.
5335,ごめん、お釣りが無い。,2425,"I'm sorry, I don't have change."
5336,状況は私たちが思っていたよりも悪い。,2426,The situation is worse than we believed.
5337,彼らはなぜなのかさえ知らない。,2428,They don't even know why.
5338,私はあなたに本当のことを言って欲しい。,2429,I want you to tell me the truth.
5339,あなたは私が出発してから到着した。,2430,You arrived at the moment I left.
5340,私は友達に話しかけた。,2437,I talked to friends.
5341,映画は2時に始まった。,2438,The film started at 2 o'clock.
5341,映画は2時に始まった。,516611,The film began at 2.
5342,映画は2時間続いた。,2440,The film lasted 2 hours.
5343,あなたが戻って来てくれて嬉しいです。,2441,I'm glad to see you back.
5344,あなたはすっかり変わりましたね。,2442,You changed a lot.
5345,何が起きたのか話して下さい。,2444,Tell me what happened.
5346,彼女達は真面目な子たちです。,2445,They are sensible girls.
5347,あなたって、なんてきれいなんでしょう！,2446,How beautiful you are!
5348,あなたはもっと仕事をしなければなりません。,2448,You must work more.
5349,成功だ！,488204,We succeeded!
5349,成功だ！,1107965,We did it!
5993,マリアさんの髪は長いです。,5994,Maria has long hair.
5993,マリアさんの髪は長いです。,1191061,Maria's hair is long.
5996,あしたは、来なくていいよ。,5997,You don't have to come tomorrow.
5996,あしたは、来なくていいよ。,1191064,It's not necessary to come tomorrow.
6001,薬を飲まなければなりません。,5999,I have to take medicine.
6004,ここで写真を撮らないでください。,6002,Please do not take photos here.
6004,ここで写真を撮らないでください。,1191068,Please don't take pictures here.
6006,奈良は静かで、きれいな町です。,6005,Nara is a quiet and beautiful city.
6010,公園を散歩しています。,6008,I'm taking a walk in a park.
6013,私の趣味は音楽を聞くことです。,6011,My hobby is to listen to music.
6013,私の趣味は音楽を聞くことです。,251134,My hobby is listening to music.
6015,いくら考えても、わかりません。,119888,No matter how much I consider it I do not understand.
6015,いくら考えても、わかりません。,2078134,"No matter how much I think about it, I can't understand it."
6015,いくら考えても、わかりません。,2078136,"No matter how much I think about it, I don't understand it."
6018,暇だったら、手伝ってください。,6016,"If you are free, give me a hand."
6021,日曜日でも、働きます。,6019,I work even on Sunday.
6039,どうしてそんなに日本の歴史に詳しいの？,6041,How come you know so much about Japanese history?
6056,彼は1888年7月28日に生まれました。,6054,"He was born on July 28th, 1888."
48301,休みは終わった。,1809,The vacation is over now.
48301,休みは終わった。,1884155,The break is over.
48302,どこに住んでいますか？,370708,Where do you live?
48302,どこに住んでいますか？,1125674,Where are you living?
74008,この天気とは気長に付き合っていくしかない。,329712,You have to learn to put up with this weather.
74009,10分だけ付き合おう。,329711,I can spare you just 10 minutes.
74010,私は気が短いし、口も軽い男だ。,329710,"I'm short-tempered, and a loose-tongued man."
74011,彼氏が留置所に入って10日経ちました。,329709,It's been 10 days since my boyfriend went to jail.
74012,汚い行為の報いは必ず自分に返ってくる。,329708,What goes around comes around.
74013,そちら様のお電話番号をいただけますか。,329707,May I please have your telephone number?
74014,そうしたなかで急速な進歩を遂げてきたのが、ITである。,329706,"In the midst of this, it is IT that has made great progress."
74015,いいからさっき盗ったモノを、カバンの中から出しなさい。,329705,"Never mind that, just take out what you've just nicked from your bag."
74016,肩慣らしには丁度いいかも。,329704,It could be just right for a warm up.
74017,社長さんの車種と色は？,329703,The colour and make of the president's car are?
74018,虫歯を侮ると命に係わる場合もあるのです。,329702,Making light of cavities can be a matter of life and death.
74019,馬鹿が移るまえにそのような宗教に関わらんほうがいい。,329701,You should stay away from cults like that before you turn into a moron.
74020,バカがうつる、近づくな。,329700,"Stay away from me, I'll catch the stupid."
74021,前の歯医者さんに、たばこをやめるなら、ヤニ取りしてあげる・・・といわれたそうです。,329699,He said that his previous dentist told him that he'd remove nicotine stains if he stopped smoking.
74022,歯医者で歯についたたばこのヤニを取ってもらうと、費用はどれくらいかかるでしょう？,329698,About how much does it cost to have a dentist remove cigarette tar from your teeth?
74023,どこの関節がはずれたの？,329697,Which joint did you dislocate?
74024,「騙された」と言ってしまえばそれまでですが、「うまい話」に乗った当人であることは間違いありません。,329696,"If you say ""I was tricked,"" well that's certainly so but there's no mistaking that you were the one who signed up on a ""sweet deal""."
74025,PC内部のタイマー用ボタン電池が切れた。,329695,The button battery in the PC's internal timer has gone flat.
74025,PC内部のタイマー用ボタン電池が切れた。,1506383,The button battery for my computer's timer died.
74026,そして、この遊具には滑り台のデッキに上がる方法がもう一つあります。,329694,And there is one more method of climbing up to the slide deck.
74027,この空港は新千歳空港ほど便数が多くないので、送迎デッキから見ても最初は飛行機がいませんでした。,329693,This airport doesn't have as many flights as New Chitose Airport and even looking from the observation deck at first there were no planes.
74028,あなたの行くところなら、どこへでも付いてゆくと決めたのだもの。,329692,You see I've resolved to follow you wherever you go.
74029,無関係の人を殺るな！,329691,Don't kill off bystanders!
74030,私も親の面倒とか見られないですね。,329690,I can't look after my parents and such either.
74031,『北の国から』は、北海道富良野市を舞台にしたフジテレビジョン制作のテレビドラマ。,329689,"From the North Country"" is a TV drama produced by Fuji TV and set in Furano in Hokkaido.
74032	髪も上げたほうが私は好きだ。	329688	I also prefer it with the hair worn up.
74033	前髪が、おでこにかからないように髪を上げることをおすすめします。	329687	I recommend putting up your hair so your fringe doesn't get on your forehead.
74034	どうしてこんな上等のぶどう酒を今まで取って置いたのか。	329686	Why have you kept such an excellent wine back till now?
74035	身命をかけて職務を実践し、すべての警察官の心に火をともしてくれました。	329685	He risked his life to carry out his duty and inspired police officers everywhere.
74036	この新聞はロハだ。	329684	This newspaper is free.
74037	政府が住民に問う一般投票を実施しました。	329683	The government put the question to the people in a referendum.
74038	一般投票による「ピープルズ・チョイス賞」が今年も発表され、メル・ギブソンとジュリア・ロバーツが最も人気のある映画男優と女優に選ばれた。	329682	The ""People's Choice"" award, by public polling, was announced again this year and Mel Gibson and Julia Roberts were selected as the most popular male, and female, film actors.
74039	妹の咲子です。俺と年子で、今受験生です。	329681	This is my little sister Sakiko. She was born the same year as me and is now studying for her exams.
74040	0.3のシャー芯って何であんなに高いのですか？	329680	Why are '0.3' pencil leads so expensive?
74041	幼なじみが春から大阪の大学に行くらしい。	329679	Apparently an old friend of mine is going to a university in Osaka in Spring.
74042	手が寒さで震えたは、少しオーバーですみません。	329678	Sorry, ""my hands shuddered with the cold"" was a bit over the top.
74044	いい監督を探すのに3年費やしたが、見つからなかった。	329676	I spent three years looking for a good director, but couldn't find one.
74045	今まで使っていたものを今朝部屋でボール遊びをしていて、わってしまったのです。	329675	I broke the one I've been using till now this morning while playing with a ball in the room.
74046	結果、雨の日は部屋の中でボール遊びをしています。	329674	As a result, we play ball inside on rainy days.
74047	勧工場には約２０の出店が並んだ。	329673	There was a row of about 20 stalls at the fair.
74048	マリア・カラスは有名なオペラ歌手でした。	329672	Maria Callas was a famous opera singer.
74049	「何を考えてるの？」「別に・・・」	329671	""What are you thinking about?"" ""Nothin'..."
74050,Windows95対応のゲームを動かしたいのです。,329670,I want to run a Windows 95 game.
74051,選挙に勝つには「見た目」が何割？,329669,How much of winning an election is down to looks?
74052,義務は、許可通知の後、発行料を支払った後も続く点に留意。,329668,It should be noted that the duty continues after a notice of allowance is mailed and the issue fee is paid.
74053,それは確かに一案です。,329667,That's certainly one possibility.
74054,納税者の目線で努力を致したいと思います。,329666,I want to work from the taxpayers' point of view.
74055,６月末に参加者を募ったら１週間弱で約５００席が予約でいっぱいになった。,329665,"When participants were sought at the end of June all, about 500, seats were reserved in under a week."
74057,いつから日本人は精白米を食べるようになったのですか？,329663,When did the Japanese start eating polished rice?
74058,ハバロフスク市が極東ロシアで大都会の一つです。,329662,Khabarovsk is among the largest cities of the Russian Far East.
74059,ただ、調子を合わせているんじゃない。本当に、私の気持ちを分かっていて同情している目だった。,329661,He wasn't just humouring me. Those were the eyes of someone who really understood my feelings and sympathised.
74060,女性に彼氏がいるかいないかの探りを入れるベストな方法が有れば教えてください。,329660,If there's a good way to sound out whether a woman has a boyfriend or not please tell me.
74061,たまには偏差値の高い人とレベルの高い会話してみたい。,329659,I like to have a deep conversation with a more academic person from time to time.
74062,このオンボードというのは平たく言えば「グラフィックカードがついていない」ものだ。,329658,"Frankly speaking, this 'on board' means ""doesn't have a graphics card""."
74063,殺人事件の背後に潜むミステリーを解き明かせ。,329657,Solve the mystery lurking behind the murder!
74064,同じ頃、事務員・有村夏恵は、今月を限りに退職する旨を五鬼上に申し入れた。,329656,"At the same time, the clerk Natsue Arimura told Gokijo of her intent to resign after this month."
74065,いよいよ今週を限りに、しばらくのお休みです。,329655,I've finally got some vacation coming as of the end of this week.
74066,考えたんだけど、やっぱりこういうのはよくないから、今日を限りに別れよう。,329654,"I've thought about it, and what we're doing is just not right, so let's break up after today."
74067,非会員は50ドル増しとなります。,329653,Non-members pay an additional 50 dollars.
74068,彼女は哀れを誘う有様だった。,329652,She was in a piteous state.
74069,俺を哀れに思って助けてくれたのさ。,329651,He took pity on me and helped me out.
74070,彼はくたくたの背広を着ていた。,329650,He was wearing a threadbare suit.
74071,彼はトロフィーを高々と差し上げた。,329649,He held the trophy up high.
74071,彼はトロフィーを高々と差し上げた。,627942,He held the trophy on high.
74072,木造建築物は火がつきやすい。,329648,Wooden buildings catch fire easily.
74073,靴ひもがとけた。,329646,My shoelaces came undone.
74074,カーテンに火が点いた。,63832,The curtain caught fire.
74075,赤鉛筆を忘れた子どもには、きちんと借りに来させた。,329645,I made sure that children who'd forgotten their red pencil came to borrow one.
74076,「じゃ留年しなかったら付き合ってくれんの？」「タラレバ話って好きじゃないの」,329644,"So, you'll go out with me if I don't have to repeat a year?"" ""I don't care for 'what if' stories."
74077,「少しうちに寄っていかない？」「いいの？」「うち共働きで親は遅いの」,329643,"Want to drop round my place?"" ""Can I?"" ""My parents come home late as they both work."
74078,早川くん、中間テストの結果でてたわよ。またトップ！,329642,"Hayakawa, the midterm results are out. You're top again!"
74079,木工芸では、木を、硬木、軟木と、唐木に分類します。,329641,"In woodworking, we classify wood as hardwood, softwood or exotic wood."
74080,軟木の絶縁された部屋およびよいヒーターはサウナのための絶対必要である。,329640,An insulated soft-wood room and a good heater are the absolute necessities for a sauna.
74081,２回目の人工内耳移植への低所得者医療扶助制度の適用不許可を取り下げる。,329639,Decision to disallow Medicaid for second cochlea implant withdrawn.
74082,あなたの美意識を満足させるものは何ですか？,329638,What is it that satisfies your aesthetic sense?
74083,職場でOutlookのスケジュールを使用していますが、ＰＤＡを購入しシンクロさせたいと考えています。,329637,I use Outlook's scheduler at work and I think I'd like to buy a PDA and synchronize them.
74084,Mozilla Foundationは5月1日、メール/ニュースクライアントソフトの最新版「Thunderbird 2.0.0.14」をリリースした。,329636,"The Mozilla Foundation released the latest version of its email/news-client software, ""Thunderbird 2.0.0.14"" on May 1st."
74085,迷彩のショートパンツを履く場合、上は何色のTシャツが合いますか？,329635,"When you wear camo shorts, what colour t-shirt goes with that?"
74086,例えば、たばこをぷかぷか吸う先生が、たばこを吸う生徒に注意してもその注意は矛盾しているだろう。,329634,"For example, if a chain-smoking teacher cautions a pupil for smoking, that warning is self-contradictory."
74087,Xbox 360については「いいハードです」と開口一番切り出した。,329633,"On the Xbox 360 the very first thing he said was ""good hardware."""
74088,「ご注文は？」「オレンジジュース」「アイス付きで？」「そう」「まいど」,329632,"Your order?"" ""Orange juice."" ""With ice?"" ""Yes."" ""Thanks for your business."
74089,我々を見てにたりと笑った。,329631,He grinned broadly at us.
74090,「ちょっとカタいかな～」「カタい？」「粘度が高すぎるってことさ」,329630,"Might be a bit stiff..."" ""Stiff?"" ""I mean the viscosity is too high."
74091,「何も聞いていないので何も言えない」と困惑の表情を浮かべた。,329629,"He said with a perplexed expression, ""I've heard nothing, so I can't say anything."""
74094,ほお紅や口紅を差すだけで表情や笑顔がどんどん変わってくるんです。,329626,Expressions and smiles change like that just from applying rouge and lipstick.
74095,初期の自覚症状としては、排尿障害がありますが、多くの場合、はっきりとした症状がありません。,329625,"One of the early noticeable symptoms is trouble with urination, but often there are no clear symptoms."
74096,私の娘は尻が重いので困る。,329624,My daughter's slowness to take action is a pain.
74097,副作用としては、視力障害があります。,329623,This has visual impairment as a side effect.
74098,「お見事、よくやった」と小川選手を褒め称える報道が多かった。,329622,"There were many journalists who praised Ogawa with, ""bravo, good show!"""
74099,ママ～！あのお姉ちゃんとお兄ちゃん、お手手繋いで、すっごく仲良しさんだね～！,329621,"Mama! That lady and man are holding hands, they're great friends aren't they!"
74100,カミナリが光ったその後【くわばらくわばら】と唱えたもしくは、唱える人を見たことがあるだろう。,329620,"I expect you've chanted ""kuwabara kuwabara"" after a lightning flash, or have seen somebody do so."
74101,東北・秋田新幹線が運転を見合わせるなど交通も混乱した。,329619,"Traffic was also disrupted including the suspension of the Akita, Tohoku bullet train."
74102,気をつけて。警察の犬がかぎ回ってる。,329618,Watch out! A police spy is snooping around.
74103,ワインを冷やしておいてくれたとは気が利いてるね。,329617,How thoughtful of you to have chilled some wine for us.
74104,官軍に入城を許すとはどういう了見だ。,329616,What do you think you're doing letting the loyalists into the castle?
74105,なんとかそこで支えよ。入市を許すな。,329615,Hold them there! Don't let them into the city!
74106,「クレオパトラ」は美人の代名詞になっている。,329614,The name Cleopatra has become a byword for a beautiful woman.
74107,「親父これって・・・真剣？」「当たり前だろう、決闘なのだからな」,329613,"Dad, this a real sword?"" ""Of course, it is a duel after all."
74108,あなたはどこの国の出身ですか。,329612,Which country are you from?
74109,日本語のソフトを落とすコツ・いいサイトありませんか？,329611,"Are there any knacks, or good sites, for downloading Japanese software?"
74110,赤ちゃんは泣かせたままにしてはいけないのでしょうか？,329610,Is it wrong to leave my baby crying?
74111,たまには赤ちゃんを泣かせておくのもいい。,329609,It's OK to leave the baby to cry on occasion.
74112,本状の持参人は友人の鈴木君です。,329608,The bearer of this letter is my friend Suzuki.
74113,この百科事典は検索に便利である。,329607,This encyclopaedia is convenient for looking up things.
74114,その車は動こうとしなかった。,329606,The car wouldn't start.
74115,私は料理をしますが、とんでもなく下手くそです。,329605,"I cook, but I'm really crap at it."
74116,たまにはビール以外のお酒をちびちび舐めるのも良いでしょう。,329604,It's nice to sip and savour drinks other than beer as well from time to time.
74117,ここのソースは舐めてみるとちょっと塩っぱい。,329603,If you taste this sauce you'll find it a bit salty.
74118,彼は敵を料理した。,329602,He easily licked his opponent.
74119,良い所：様々なコンボで自由に敵を料理する楽しさ。,329601,Good points: The pleasure of disposing of enemies with a variety of combos.
74120,ようやく夜が明けて長い夜が終わった。,329600,Finally dawn broke; the long night had ended.
74121,年を取ると目ざとくなる。,329599,"As one grows old, one becomes a light sleeper."
74122,彼は古代史の分野で突っ込んだ研究をしている。,329598,He's doing in-depth research on ancient history.
74123,「なあ、そこの姉さん」「え？」「ちょっと相談に乗ってくれないか？」,329597,"Say, you, the lady over there."" ""Eh?"" ""Could you give me a bit of advice?"
74124,実も結ぶが、挿し木でも根付くらしい？,329596,"It bears fruit, but it seems it may even set root from cuttings?"
74125,先ずは憧れの作家の文章の呼吸をつかむためにひたすら筆写、丸写しをする。,329595,"First, in order to get a feel for your favourite author's work, transcribe and copy in full."
74126,ついに剣道の呼吸をつかんだ。,329594,I've finally got the knack of kendo.
74127,4つのレジスタは、呼び出された関数側が保存する。,329593,The contents of the four registers are preserved by the called subroutine.
74128,黒魔法の話を聞きたいです。学院ではさわりしか聞いたことがないんですが興味があります。,329592,"I'd like to hear about black magic. I was only told the highlights in the academy, and it interests me."
74129,それは君の腕次第かな。期待してるよ。,329591,I suppose that depends on how good you are. I'm counting on you!
74130,ここの下りも手掛かりがないので危険だ。,329590,The downclimb here is also dangerous as there are no handholds.
74131,明るい笑顔で2人は光り輝く未来を歩み始めたんだ。,329589,"Smiling cheerfully, the two began to walk off into their brilliant future."
74132,彼は思ったことを口にする。,329588,He's a plain speaker.
74133,美術館の東の陳列棟は清掃のため閉鎖されていた。,329587,The museum's eastern gallery was closed for cleaning.
74134,条約の精神が没却されていた。,329586,The spirit of the treaty was ignored.
74135,電話で済まそうと思いました。,329585,I thought I could settle it by phone.
74138,社長が社員の主体的な取り組みを促した。,329582,The president urged employees to act on their initiative.
74139,私たちは姉妹３人で喫茶店を始めた。,329581,We three sisters opened a coffee shop.
74140,パックマンが、ある条件を満たすと追ってくるモンスターを逆襲して食べることができる。,329580,"Pac-Man, when a certain condition is reached, can counter attack and eat the monsters chasing him."
74141,サダムが脅威でないなどと言うのは、赤がかった反戦運動の人達くらい。,329579,It's only the anti-war pinkos who say things like Saddam isn't a threat.
74142,わははは！そりゃ傑作だ！,329578,A-ha-ha-ha! What a blunder!
74143,母ちゃんも同じ事いってたな。だからどうしたってんだよ。オレにゃ関係ない。,329577,"Mum said the same thing. But, so what? It's got nothing to do with me."
74144,ご読了ありがとございました～。,329576,Thank you for reading to the end.
74145,終わったあとも足が軽い感じがしました。,329575,I felt very light on my feet afterwards.
74146,それが高1の時だから17年が経ちました。,329574,"That was when I was in the first year at high school, so 17 years have passed since then."
74147,彼女は率直にものを言う。,329572,She's a plain speaker.
74148,これは兄です。かっこいいですね。,329573,"This is my brother. Handsome, isn't he?"
74149,会社に入ると、自分が望むと望まざるとにかかわらず、会社のために働かなくてはいけない。,329571,"Once you enter a company, you have to work for the company, whether you want to or not."
74150,貧困者が乞食をしていた。,329570,The pauper was begging for a living.
74151,上司は僕の仕事振りがいい加減だと決め付けた。,329569,My boss took me to task for the poor quality of my work.
74152,これは一押しのレストランなんだ。,329568,This is a highly recommended restaurant.
74153,アジア諸国などから出稼ぎにきた外国人をメイドとして使うのが常識のようになっている。,329567,It has become common practise to employ foreigners working abroad from Asian countries as maids.
74154,東京ミッドタウンは緑がいっぱい！,329566,There's a lot of greenery in Tokyo Midtown!
74155,犯人だと思っていた男は事件とは何の関係もなかった。,329565,The man I thought was the criminal didn't have any connection to the incident.
74156,しかし、その貸金庫に預けているものを狙った男達に、ハナを誘拐されてしまう。その誘拐犯達とは、実は刑事だった。,329564,"However men, seeking the contents of that safe, kidnap Hana. And those men were really detectives."
74157,サイレンが急変を知らせました。,329563,The siren sounded an emergency.
74158,誰がどんな趣味だろうと君の知ったことか？,329562,Is it any of your business what someone's hobby is?
74159,ママー、今あのおにいちゃんすごいころんだよー。,329561,"Mummy, that man just fell flat on his face!"
74160,大学院生のケンは去年アメリカに行った。,329560,"Ken, who is a graduate student, went to the United States last year."
74161,娘はいつも、約束を守らない母親に苛立っていた。,329559,"The daughter was irritated with her mother, who always broke her promises."
74162,パソコンを持ってない人は、このMP3プレーヤー機能をフルに使いこなせません。,329558,People who don't have a computer can't make full use of this MP3 player function.
74163,窓を開ける時は、カーテンは閉めないで下さい。,329557,Please don't draw the curtains when the window is open.
74164,しかし、使徒たちはその危険に気付いた。,329556,However the disciples awoke to that danger.
74165,僕には彼女の言うことが分かった。,329555,I got what she was saying.
74165,僕には彼女の言うことが分かった。,619564,I understood what she said.
74166,私は先月結婚式を挙げました。,329554,I held a wedding ceremony last month.
74167,私自身も、当社に入社する前の会社では、２度ほどトップに直言した経験があります。,329553,"I myself have, before becoming employed by this company, twice spoken bluntly to the people at the top."
74168,『極道の妻たち』は、1986年、東映配給網により公開されたヤクザ映画。,329552,"Gang Wives"" is a Yakuza movie released in 1986 by Toei Distribution Network.
74169	日本ではリング状のものが早くから普及したため「避妊リング」と呼ばれることも多い。	329551	In Japan the ring shaped ones came into use first so they're also often called ""contraceptive rings"".
74170	儲けようとする投機筋に操られているのです。	329550	It's being manipulated by investors trying to make it rich.
74171	第１３週：絶対運動と相対運動について学習する。	329549	Week 13: Learn about absolute, and relative, motion.
74172	これは遠心力ですがニュートンは絶対運動と見なしています。	329548	This is centrifugal force; Newton viewed it as absolute motion.
74172	これは遠心力ですがニュートンは絶対運動と見なしています。	627944	This is centrifugal force, which Newton viewed as absolute motion.
74173	芝居小屋跡地に学校が建てられたのが1905年4月でした。	329547	It was April 1905 when a school was built on the site of the theatre.
74174	心情的には賛成、けれど現実的に反対します。	329546	I agree on an emotional level, but on the pragmatic level I disagree.
74175	僕的にはもっと地味ってか渋い服が欲しいんですけどね。	329545	For my tastes, I'd prefer plainer, or rather, more tasteful clothing.
74177	それを発明した教授は大学から相当の対価を受ける権利がある。	329543	The professor who invented it has the right to reasonable remuneration from the university.
74178	特殊能力があるかどうかは分かりませんが、普通の人間以上の力はあった事でしょう。	329542	I don't know if he has any special powers or not, but he's probably stronger than a normal human.
74179	化学物質に敏感な人々への配慮がない。	329541	No consideration is paid to people who are sensitive to chemicals.
74180	惰性に身を任せているがために今のような現在があるんですね。	329540	I've ended up in my present state from having indulged myself.
74181	彼の声は悪霊の突然の咆哮にかき消される。	329539	His voice was drowned out by the wraith's sudden howl.
74182	結局、法案は提出断念に追い込まれたのだった。	329538	In the end the bill was forced into being withdrawn.
74183	殺してやる！ぶっ殺して、踏み潰してやる！くそったれ！死ね！	329537	I'll kill you! Knock your block off and grind you underfoot! You shithead! Die!
74184	本書の欠点は、既婚者である著者が非婚をすすめても、説得力を欠く事である。	329536	The weak point of this book is that it's less than persuasive when the married author recommends not being married.
74185	町田は古いものと新しいものが入り交じった面白い街です。	329535	Machida is an interesting city that's a mix of the old and the new.
74186	このシステムのもとでは、生徒は交替で教えあい、お互いに助け合わなければなりません。	329534	The basis of this system is that the students must take turns in teaching, they have to help each other.
74187	だからお互いに助け合う必要があったので、そういう意味では妹との絆は強かった。	329533	Therefore we had to help each other and in that way the bonds between me and my sister were strong.
74188	ムクドリのヒナを親鳥に返せますか。	329532	Can you return starling chicks to their parents?
74189	最近寝てるときにこむらがえりを起こします。	329531	Recently I get leg cramps when I sleep.
74190	ＯＥＣＤの調査で北欧諸国が税率において世界の上位をキープした。	329530	In the OECD survey, northern European countries are keeping their high ranking in tax-rates.
74191	当時の農家の暴利はすさまじかった。	329529	The bloated profits of farmers at the time were something again.
74192	それを皮切りとして欧州の詩や文学を多数紹介するようになりました。	329528	With that as a start many European poems and much literature came to be introduced.
74193	あんな物を投げ下ろせば、運悪く当たった人は、ケガをする。	329527	If you throw something like that down, if someone's unlucky enough to be hit they'll be injured.
74194	それは定石通りというだけで、手を抜いたわけではないのです。	329526	That's just standard practise, it's not like they're cutting corners.
74195	今日は不燃物のゴミの日です。	329525	Today is a non-burnable rubbish day.
74196	非の打ち所がない計画は、窮屈だなあ。	329524	A faultless plan is stifling, isn't it?
74197	２．身頃の肩を縫い合わせる。	329523	2. Sew together the shoulder of the garment body.
74198	そうです、異常音は空冷ファンの最後の断末魔だったのです。	329522	That's right, that strange sound was the final death scream of the cooling fan.
74199	男でも女でも腹が据わっているってのはカッコいいですよね。	329521	People are cool when they're gutsy, doesn't matter if they're men or women.
74200	傍目八目という言葉があるように一度協会から離れて、日本サッカーをみて頂きたい。	329520	Like the saying that things are seen clearest from outside I wish he'd leave the association for a time and take a look at Japanese soccer.
74202	味も濃厚で、炒め物、スープなど中華料理に深みを与えます。	329518	It also has a strong flavour, and adds depth to Chinese food such as soups and stir-fries.
74203	toのつかない不定詞を原形不定詞と言う。	329517	An infinitive without a 'to' attached is called a bare infinitive.
74204	「ソフトウェア開発」は「モノ作り」ではない。	329516	""Software development"" isn't ""manufacture"".
74205	ここで使われている文法形式は現在進行形である。	329515	The grammatical form employed here is the present progressive.
74206	制度的に大きな枷となるのは、著作権の問題である。	329514	Institutionally, a major restraint is the copyright problem.
74207	この公園の西側に近いところは、道路の騒音も大きいが、奥にはいるともう聞こえない。	329513	Near the west side of the park there's a lot of noise from the road, but when you go into the park you can't hear it any more.
74208	人物画を描けるスクールを探しています。	329512	I'm looking for a school where I can paint portraits.
74209	彼が新進気鋭の学者と新聞で紹介された男かい。	329511	Is he the man painted by the newspapers as an up-and-coming scholar?
74210	面白半分なら来ないで欲しい。	329510	If you're doing it in fun, I'd rather you didn't come.
74211	そしてこの法律案が通らなかった場合において、おまえはどういう責任をとるのだ。	329509	And how will you take responsibility in the case that this bill doesn't pass?
74212	療養病床が減ればそれができず、一般病床の医療にも支障をきたします。	329508	If long-term beds are reduced, then it won't be possible to do that and normal sickbeds will also be adversely affected.
74213	遊び相手がなくて孤独だった。	329507	I was lonely, with nobody to play with.
74214	英日の翻訳と日英の翻訳では、英日の翻訳を希望する人のほうが多いようです。	329506	Between E→J translations and J→E, it appears that more people want English-Japanese translations.
74215	面疔ができた。小鼻の奥に1個、痛い塊がある。	329505	I have a facial boil. There's a painful lump at the back of one nostril.
74216	そんなことを考えながら『我輩はカモである』を再見しました。	329504	Thinking about those sorts of things, I watched ""Duck Soup"" again.
74217	ちなみに、それはこの話の後日談にする予定です。	329503	By the way, I plan to do that for this story's sequel.
74218	朝夕は冷えるので服装などに注意したい。	329502	It gets cold in the mornings and evenings, so I want to take care how I dress.
74219	一生懸命磨きました。困ったのは、意外と低級宝石のストックがないことです。	329501	I polished for all I was worth. The trouble is that my stock of low-grade gems was surprisingly low.
74220	小学５年の息子が静岡から名古屋の小学校に転入しました。	329500	My fifth-year junior school son has transferred into a school in Nagoya from Shizuoka.
74220	小学５年の息子が静岡から名古屋の小学校に転入しました。	2930537	My son who is in the fifth grade has transferred from Shizuoka to an elementary school in Nagoya.
74221	強い乱視はコンタクトレンズのほうが矯正できます。	329499	Contact lenses are more able to correct strong astigmatism.
74222	普通、アマチュアでは250ヤード飛べばすごい飛距離だと言われます。	329498	Normally you'd call 250 yards a great distance for an amateur.
74223	ふたをして始めは強火、沸騰したら中火にして約７分間煮ます。	329497	Put the lid on and start at high flame, when it boils set to medium flame and boil for about seven minutes.
74224	そういえば、電車の中で隣に座ったほろ酔いのおっさんに、自分の俳句を見て欲しいと言われたことがある。	329496	Now that I think of it, I've been asked to look at a haiku he'd written by the tipsy bloke sitting next to me on the train.
74225	私なんぞには野牛と鹿と馬とを描き分けることなど到底出来ない。	329495	Me? I can't even begin to draw buffalo, deer and horses so you can tell them apart.
74226	細かい意訳誤訳は気にしないでください。	329494	Please don't worry about the finer details of free vs mis-translation.
74227	今回、まだ両替していなかったので、日本円を人民元に替える必要があった。	329493	This time I hadn't converted my money yet, so I needed to change Yen into Yuan.
74228	予定日の夕方に破水しました。	329492	My water broke on the evening of the predicted birth date.
74229	椎間板ヘルニアは背骨の間にある椎間板という軟骨が飛び出すものです。	329491	Disk herniation is when cartilage, called 'intervertebral disk' and found between each vertebra, slips out.
74230	できちゃった婚のため身内と大学の友人2人しかよばない地味婚にするそうです。	329490	It seems as it was a shot-gun wedding so they're having a quiet wedding with only family and a couple of friends from university invited.
74231	太陽熱は日本では発電より太陽熱温水器として利用されています。	329489	In Japan solar heat is used more for solar water heaters than for electricity generation.
74232	こんな歌を残している明治天皇の一面を知っている日本人は少ないのではないだろうか。	329488	I think there are probably few Japanese who know this side of the Emperor Meiji, the side that left a song like this.
74233	社屋や従業員に被害はなく、平常通り営業している。	329487	There was no damage to the office, or workers, and we're in business as usual.
74234	基本的に俺は短詩が好きだ。短詩の中では、この詩がトップだった。	329486	Basically I like short poems. Among them this poem was my favourite.
74235	そのろくでなしどもはクビになりましたよ。	329485	Those good-for-nothing layabouts were sacked.
74236	占星学は科学的な根拠もないのに、とても人気があって、占星学は信じている人が多いようです。	329484	Although astrology has no scientific basis, it's very popular and it seems that many people believe in it.
74237	女ってどうして連れションしたがるの？物凄く理解不能。	329483	Women - why do they want to go to toilet in groups? I don't get it at all.
74238	微生物学の基本から最新の情報までを網羅する。	329482	It covers everything from the fundamentals of microbiology to the latest news.
74239	as may be の文法解釈を教えてください。	329481	Please explain the grammar of 'as may be'.
74240	項目が増えたり減ったりする表示なら、Accessでなくて表計算ソフトを活用すべきだと思います。	329480	For a display where the data items increase and decrease I think you are best making use of a spreadsheet program, not Access.
